id,user_type,name,email,no_telp,password
4,user,user4,user4@gmail.com,+6282244607846,userpass4
5,user,user5,user5@gmail.com,+6282244607846,userpass5
6,user,user6,user6@gmail.com,+6282244607846,userpass6
7,user,user7,user7@gmail.com,+6282244607846,userpass7
8,user,user8,user8@gmail.com,+6282244607846,userpass8
9,user,user9,user9@gmail.com,+6282244607846,userpass9
10,user,user10,user10@gmail.com,+6282244607846,userpass10
11,user,user11,user11@gmail.com,+6282244607846,userpass11
12,user,user12,user12@gmail.com,+6282244607846,userpass12
13,user,user13,user13@gmail.com,+6282244607846,userpass13
14,user,user14,user14@gmail.com,+6282244607846,userpass14
15,user,user15,user15@gmail.com,+6282244607846,userpass15
16,user,user16,user16@gmail.com,+6282244607846,userpass16
17,user,user17,user17@gmail.com,+6282244607846,userpass17
18,user,user18,user18@gmail.com,+6282244607846,userpass18
19,user,user19,user19@gmail.com,+6282244607846,userpass19
20,user,user20,user20@gmail.com,+6282244607846,userpass20
21,user,user21,user21@gmail.com,+6282244607846,userpass21
22,user,user22,user22@gmail.com,+6282244607846,userpass22
23,user,user23,user23@gmail.com,+6282244607846,userpass23
24,user,user24,user24@gmail.com,+6282244607846,userpass24
25,user,user25,user25@gmail.com,+6282244607846,userpass25
26,user,user26,user26@gmail.com,+6282244607846,userpass26
27,user,user27,user27@gmail.com,+6282244607846,userpass27
28,user,user28,user28@gmail.com,+6282244607846,userpass28
29,user,user29,user29@gmail.com,+6282244607846,userpass29
30,user,user30,user30@gmail.com,+6282244607846,userpass30
31,user,user31,user31@gmail.com,+6282244607846,userpass31
32,user,user32,user32@gmail.com,+6282244607846,userpass32
33,user,user33,user33@gmail.com,+6282244607846,userpass33
34,user,user34,user34@gmail.com,+6282244607846,userpass34
35,user,user35,user35@gmail.com,+6282244607846,userpass35
36,user,user36,user36@gmail.com,+6282244607846,userpass36
37,user,user37,user37@gmail.com,+6282244607846,userpass37
38,user,user38,user38@gmail.com,+6282244607846,userpass38
39,user,user39,user39@gmail.com,+6282244607846,userpass39
40,user,user40,user40@gmail.com,+6282244607846,userpass40
41,user,user41,user41@gmail.com,+6282244607846,userpass41
42,user,user42,user42@gmail.com,+6282244607846,userpass42
43,user,user43,user43@gmail.com,+6282244607846,userpass43
44,user,user44,user44@gmail.com,+6282244607846,userpass44
45,user,user45,user45@gmail.com,+6282244607846,userpass45
46,user,user46,user46@gmail.com,+6282244607846,userpass46
47,user,user47,user47@gmail.com,+6282244607846,userpass47
48,user,user48,user48@gmail.com,+6282244607846,userpass48
49,user,user49,user49@gmail.com,+6282244607846,userpass49
50,user,user50,user50@gmail.com,+6282244607846,userpass50
51,user,user51,user51@gmail.com,+6282244607846,userpass51
52,user,user52,user52@gmail.com,+6282244607846,userpass52
53,user,user53,user53@gmail.com,+6282244607846,userpass53